Accuracy,ROC_AUC,Sensitivity,Specificity,MCC,True Negative,False Positive,False Negative,True Positive,adjuster,subset_file,test_source,adjuster_folder
0.9739130434782608,0.9831746031746031,0.9857142857142858,0.9555555555555556,0.9451786611330648,43,2,1,69,gmm,subset10studies_test_gse19615.csv,gse19615,gmm
0.9721115537848606,0.9922043010752688,0.9870967741935484,0.9479166666666666,0.9409126378092298,91,5,2,153,gmm,subset10studies_test_gse20194.csv,gse20194,gmm
0.8846153846153846,0.9130434782608696,0.9021739130434784,0.859375,0.7615489130434783,55,9,9,83,gmm,subset10studies_test_gse20271.csv,gse20271,gmm
0.9137055837563453,0.9309507286606524,0.9236641221374046,0.8939393939393939,0.8089484288827148,59,7,10,121,gmm,subset10studies_test_gse23720.csv,gse23720,gmm
0.9657534246575342,0.9881430483840122,0.963855421686747,0.9682539682539684,0.9304205430464424,122,4,6,160,gmm,subset10studies_test_gse25055.csv,gse25055,gmm
0.8532608695652174,0.8865926776374538,0.8632478632478633,0.835820895522388,0.6892471304999412,56,11,16,101,gmm,subset10studies_test_gse25065.csv,gse25065,gmm
0.8518518518518519,0.862126245847176,0.9186046511627908,0.7346938775510204,0.6742652911867638,36,13,7,79,gmm,subset10studies_test_gse45255.csv,gse45255,gmm
0.9501557632398754,0.9624788732394366,0.956,0.9295774647887324,0.8607667042781404,66,5,11,239,gmm,subset10studies_test_gse58644.csv,gse58644,gmm
0.7396226415094339,0.9335789871504158,1.0,0.6805555555555556,0.5316047198383641,147,69,0,49,gmm,subset10studies_test_gse76275.csv,gse76275,gmm
0.9572368421052632,0.9854400445145136,0.9581749049429658,0.951219512195122,0.8379540914668245,39,2,11,252,gmm,subset10studies_test_gse96058_nextseq.csv,gse96058_nextseq,gmm
0.9739130434782608,0.9850793650793652,1.0,0.9333333333333332,0.9460323297592804,42,3,0,70,gmm,subset11studies_test_gse19615.csv,gse19615,gmm
0.9721115537848606,0.9951612903225806,0.9806451612903224,0.9583333333333334,0.9408773408393036,92,4,3,152,gmm,subset11studies_test_gse20194.csv,gse20194,gmm
0.8717948717948718,0.9273097826086956,0.8913043478260869,0.84375,0.7350543478260869,54,10,10,82,gmm,subset11studies_test_gse20271.csv,gse20271,gmm
0.9898477157360406,0.9996530187369882,1.0,0.9696969696969696,0.9772998825223598,64,2,0,131,gmm,subset11studies_test_gse23720.csv,gse23720,gmm
0.9657534246575342,0.9847007075922738,0.9698795180722892,0.9603174603174603,0.9301969783897496,121,5,5,161,gmm,subset11studies_test_gse25055.csv,gse25055,gmm
0.8532608695652174,0.8928434749330272,0.8547008547008547,0.8507462686567164,0.6922812937680397,57,10,17,100,gmm,subset11studies_test_gse25065.csv,gse25065,gmm
0.9467787114845938,0.9760166184061436,0.9627659574468084,0.9289940828402368,0.8934488746518928,157,12,7,181,gmm,subset11studies_test_gse31448.csv,gse31448,gmm
0.8518518518518519,0.8687707641196013,0.9186046511627908,0.7346938775510204,0.6742652911867638,36,13,7,79,gmm,subset11studies_test_gse45255.csv,gse45255,gmm
0.9470404984423676,0.9647887323943662,0.952,0.9295774647887324,0.8531182265697669,66,5,12,238,gmm,subset11studies_test_gse58644.csv,gse58644,gmm
0.7811320754716982,0.9245086923658352,1.0,0.7314814814814815,0.5787724085211313,158,58,0,49,gmm,subset11studies_test_gse76275.csv,gse76275,gmm
0.9572368421052632,0.9899842344431048,0.9543726235741444,0.975609756097561,0.8436116731158885,40,1,12,251,gmm,subset11studies_test_gse96058_nextseq.csv,gse96058_nextseq,gmm
0.9565217391304348,0.9847619047619048,0.9571428571428572,0.9555555555555556,0.9092412093166348,43,2,3,67,gmm,subset12studies_test_gse19615.csv,gse19615,gmm
0.9681274900398408,0.994287634408602,0.9806451612903224,0.9479166666666666,0.9323920008577034,91,5,3,152,gmm,subset12studies_test_gse20194.csv,gse20194,gmm
0.8717948717948718,0.9288383152173914,0.8913043478260869,0.84375,0.7350543478260869,54,10,10,82,gmm,subset12studies_test_gse20271.csv,gse20271,gmm
0.9949238578680204,1.0,1.0,0.9848484848484848,0.988629107136959,65,1,0,131,gmm,subset12studies_test_gse23720.csv,gse23720,gmm
0.9691780821917808,0.9877605660738192,0.9759036144578314,0.9603174603174603,0.9371400265069386,121,5,4,162,gmm,subset12studies_test_gse25055.csv,gse25055,gmm
0.8532608695652174,0.8939915805587447,0.8547008547008547,0.8507462686567164,0.6922812937680397,57,10,17,100,gmm,subset12studies_test_gse25065.csv,gse25065,gmm
0.9467787114845938,0.9766461034873476,0.952127659574468,0.940828402366864,0.8932372459587371,159,10,9,179,gmm,subset12studies_test_gse31448.csv,gse31448,gmm
0.8518518518518519,0.8680588514475557,0.9302325581395348,0.7142857142857143,0.6739483972188832,35,14,6,80,gmm,subset12studies_test_gse45255.csv,gse45255,gmm
0.9501557632398754,0.9625352112676056,0.956,0.9295774647887324,0.8607667042781404,66,5,11,239,gmm,subset12studies_test_gse58644.csv,gse58644,gmm
0.7811320754716982,0.933390022675737,1.0,0.7314814814814815,0.5787724085211313,158,58,0,49,gmm,subset12studies_test_gse76275.csv,gse76275,gmm
0.9481481481481482,0.9778373480329232,0.9628482972136224,0.8902439024390244,0.8418209047678141,73,9,12,311,gmm,subset12studies_test_gse81538.csv,gse81538,gmm
0.9605263157894736,0.99332282296207,0.9581749049429658,0.975609756097561,0.8536329877902357,40,1,11,252,gmm,subset12studies_test_gse96058_nextseq.csv,gse96058_nextseq,gmm
0.982608695652174,0.9863492063492064,1.0,0.9555555555555556,0.9638528651609708,43,2,0,70,gmm,subset13studies_test_gse19615.csv,gse19615,gmm
0.9721115537848606,0.995228494623656,0.9741935483870968,0.96875,0.941111177378704,93,3,4,151,gmm,subset13studies_test_gse20194.csv,gse20194,gmm
0.8846153846153846,0.9251019021739132,0.9021739130434784,0.859375,0.7615489130434783,55,9,9,83,gmm,subset13studies_test_gse20271.csv,gse20271,gmm
0.9796954314720812,0.9997686791579922,1.0,0.9393939393939394,0.954756536973368,62,4,0,131,gmm,subset13studies_test_gse23720.csv,gse23720,gmm
0.9726027397260274,0.9866609294320138,0.9698795180722892,0.9761904761904762,0.9443558527802114,123,3,5,161,gmm,subset13studies_test_gse25055.csv,gse25055,gmm
0.8532608695652174,0.9076412807756092,0.8547008547008547,0.8507462686567164,0.6922812937680397,57,10,17,100,gmm,subset13studies_test_gse25065.csv,gse25065,gmm
0.9523809523809524,0.9694070250535064,0.9680851063829788,0.9349112426035504,0.9047064629147216,158,11,6,182,gmm,subset13studies_test_gse31448.csv,gse31448,gmm
0.8518518518518519,0.8526340768865686,0.9302325581395348,0.7142857142857143,0.6739483972188832,35,14,6,80,gmm,subset13studies_test_gse45255.csv,gse45255,gmm
0.9532710280373832,0.9509859154929576,0.96,0.9295774647887324,0.8685465768918882,66,5,10,240,gmm,subset13studies_test_gse58644.csv,gse58644,gmm
0.8995305164319248,0.8780618744313011,0.9643312101910828,0.7178571428571429,0.7309661478888606,201,79,28,757,gmm,subset13studies_test_gse62944_tumor.csv,gse62944_tumor,gmm
0.8490566037735849,0.9272486772486772,0.9591836734693876,0.8240740740740741,0.6514542167679865,178,38,2,47,gmm,subset13studies_test_gse76275.csv,gse76275,gmm
0.9530864197530864,0.9792720682624784,0.9876160990712074,0.8170731707317073,0.8504210271339997,67,15,4,319,gmm,subset13studies_test_gse81538.csv,gse81538,gmm
0.9638157894736842,0.990447927292961,0.9619771863117872,0.975609756097561,0.8639318646471136,40,1,10,253,gmm,subset13studies_test_gse96058_nextseq.csv,gse96058_nextseq,gmm
0.9652173913043478,0.9822222222222222,0.9714285714285714,0.9555555555555556,0.926984126984127,43,2,2,68,gmm,subset14studies_test_gse19615.csv,gse19615,gmm
0.952191235059761,0.9942876344086022,0.9612903225806452,0.9375,0.8987903225806452,90,6,6,149,gmm,subset14studies_test_gse20194.csv,gse20194,gmm
0.8653846153846154,0.9189877717391304,0.8913043478260869,0.828125,0.7212076118716618,53,11,10,82,gmm,subset14studies_test_gse20271.csv,gse20271,gmm
0.9847715736040608,0.9995373583159844,1.0,0.9545454545454546,0.9660098518759024,63,3,0,131,gmm,subset14studies_test_gse23720.csv,gse23720,gmm
0.9623287671232876,0.983362019506598,0.9698795180722892,0.9523809523809524,0.9231657190950284,120,6,5,161,gmm,subset14studies_test_gse25055.csv,gse25055,gmm
0.8478260869565217,0.8990942722286006,0.8547008547008547,0.835820895522388,0.6791798229366737,56,11,17,100,gmm,subset14studies_test_gse25065.csv,gse25065,gmm
0.9565217391304348,0.9768253968253968,1.0,0.8888888888888888,0.9108400680852976,40,5,0,70,gmm,subset2studies_test_gse19615.csv,gse19615,gmm
0.837037037037037,0.8504983388704319,0.9302325581395348,0.673469387755102,0.6404746150058319,33,16,6,80,gmm,subset2studies_test_gse45255.csv,gse45255,gmm
0.9565217391304348,0.9771428571428572,1.0,0.8888888888888888,0.9108400680852976,40,5,0,70,gmm,subset3studies_test_gse19615.csv,gse19615,gmm
0.8525641025641025,0.8729619565217391,0.8804347826086957,0.8125,0.6946475581766715,52,12,11,81,gmm,subset3studies_test_gse20271.csv,gse20271,gmm
0.8518518518518519,0.8552444233507356,0.9302325581395348,0.7142857142857143,0.6739483972188832,35,14,6,80,gmm,subset3studies_test_gse45255.csv,gse45255,gmm
0.9391304347826088,0.9806349206349206,0.9714285714285714,0.8888888888888888,0.8720229978393366,40,5,2,68,gmm,subset4studies_test_gse19615.csv,gse19615,gmm
0.8653846153846154,0.9069293478260868,0.9021739130434784,0.8125,0.720385744870595,52,12,9,83,gmm,subset4studies_test_gse20271.csv,gse20271,gmm
0.8478260869565217,0.9052175022324276,0.8461538461538461,0.8507462686567164,0.6824282357189176,57,10,18,99,gmm,subset4studies_test_gse25065.csv,gse25065,gmm
0.8518518518518519,0.8889416231608922,0.9186046511627908,0.7346938775510204,0.6742652911867638,36,13,7,79,gmm,subset4studies_test_gse45255.csv,gse45255,gmm
0.9652173913043478,0.9907936507936508,0.9857142857142858,0.9333333333333332,0.9270279218076446,42,3,1,69,gmm,subset5studies_test_gse19615.csv,gse19615,gmm
0.8525641025641025,0.9004755434782609,0.8804347826086957,0.8125,0.6946475581766715,52,12,11,81,gmm,subset5studies_test_gse20271.csv,gse20271,gmm
0.9187817258883249,0.934767522553782,0.9465648854961832,0.8636363636363636,0.8165536351466043,57,9,7,124,gmm,subset5studies_test_gse23720.csv,gse23720,gmm
0.8586956521739131,0.9019007526470212,0.8632478632478633,0.8507462686567164,0.7022666670933978,57,10,16,101,gmm,subset5studies_test_gse25065.csv,gse25065,gmm
0.8518518518518519,0.8863312766967251,0.9418604651162792,0.6938775510204082,0.6744620650945848,34,15,5,81,gmm,subset5studies_test_gse45255.csv,gse45255,gmm
0.9739130434782608,0.9873015873015872,1.0,0.9333333333333332,0.9460323297592804,42,3,0,70,gmm,subset6studies_test_gse19615.csv,gse19615,gmm
0.9322709163346612,0.9572580645161288,0.9612903225806452,0.8854166666666666,0.8559608923780878,85,11,6,149,gmm,subset6studies_test_gse20194.csv,gse20194,gmm
0.8589743589743589,0.9133831521739132,0.8913043478260869,0.8125,0.7074179485843503,52,12,10,82,gmm,subset6studies_test_gse20271.csv,gse20271,gmm
0.9137055837563453,0.9408975248669904,0.931297709923664,0.8787878787878788,0.8071038971082962,58,8,9,122,gmm,subset6studies_test_gse23720.csv,gse23720,gmm
0.8641304347826086,0.8770251307564739,0.8803418803418803,0.835820895522388,0.7098075760022047,56,11,14,103,gmm,subset6studies_test_gse25065.csv,gse25065,gmm
0.8518518518518519,0.8459895586141433,0.9418604651162792,0.6938775510204082,0.6744620650945848,34,15,5,81,gmm,subset6studies_test_gse45255.csv,gse45255,gmm
0.9652173913043478,0.9742857142857142,0.9714285714285714,0.9555555555555556,0.926984126984127,43,2,2,68,gmm,subset7studies_test_gse19615.csv,gse19615,gmm
0.9282868525896414,0.9640456989247312,0.9483870967741936,0.8958333333333334,0.8477027078797473,86,10,8,147,gmm,subset7studies_test_gse20194.csv,gse20194,gmm
0.8589743589743589,0.9142323369565216,0.8804347826086957,0.828125,0.7085597826086957,53,11,11,81,gmm,subset7studies_test_gse20271.csv,gse20271,gmm
0.9137055837563453,0.9397409206569513,0.900763358778626,0.9393939393939394,0.8166908180164002,62,4,13,118,gmm,subset7studies_test_gse23720.csv,gse23720,gmm
0.8586956521739131,0.881872687842837,0.8547008547008547,0.8656716417910447,0.7054131881941659,58,9,17,100,gmm,subset7studies_test_gse25065.csv,gse25065,gmm
0.8518518518518519,0.8682961556715709,0.9186046511627908,0.7346938775510204,0.6742652911867638,36,13,7,79,gmm,subset7studies_test_gse45255.csv,gse45255,gmm
0.7509433962264151,0.9313114134542706,1.0,0.6944444444444444,0.543961138140183,150,66,0,49,gmm,subset7studies_test_gse76275.csv,gse76275,gmm
0.9565217391304348,0.978095238095238,0.9714285714285714,0.9333333333333332,0.9085191177838904,42,3,2,68,gmm,subset8studies_test_gse19615.csv,gse19615,gmm
0.9243027888446216,0.9556451612903224,0.9419354838709676,0.8958333333333334,0.8394629924780104,86,10,9,146,gmm,subset8studies_test_gse20194.csv,gse20194,gmm
0.8589743589743589,0.9104959239130436,0.8804347826086957,0.828125,0.7085597826086957,53,11,11,81,gmm,subset8studies_test_gse20271.csv,gse20271,gmm
0.9187817258883249,0.9241267638214202,0.9083969465648856,0.9393939393939394,0.8262813367822323,62,4,12,119,gmm,subset8studies_test_gse23720.csv,gse23720,gmm
0.8641304347826086,0.8855721393034826,0.8632478632478633,0.8656716417910447,0.7153156080633958,58,9,16,101,gmm,subset8studies_test_gse25065.csv,gse25065,gmm
0.8592592592592593,0.8602278120550545,0.9302325581395348,0.7346938775510204,0.6906447993095638,36,13,6,80,gmm,subset8studies_test_gse45255.csv,gse45255,gmm
0.7509433962264151,0.9387755102040816,1.0,0.6944444444444444,0.543961138140183,150,66,0,49,gmm,subset8studies_test_gse76275.csv,gse76275,gmm
0.8717105263157895,0.9853473059445425,0.8517110266159695,1.0,0.6606829051373165,41,0,39,224,gmm,subset8studies_test_gse96058_nextseq.csv,gse96058_nextseq,gmm
0.9652173913043478,0.9736507936507935,0.9714285714285714,0.9555555555555556,0.926984126984127,43,2,2,68,gmm,subset9studies_test_gse19615.csv,gse19615,gmm
0.9721115537848606,0.9951612903225806,0.9870967741935484,0.9479166666666666,0.9409126378092298,91,5,2,153,gmm,subset9studies_test_gse20194.csv,gse20194,gmm
0.8846153846153846,0.8935122282608695,0.9021739130434784,0.859375,0.7615489130434783,55,9,9,83,gmm,subset9studies_test_gse20271.csv,gse20271,gmm
0.9137055837563453,0.9303724265556326,0.916030534351145,0.9090909090909092,0.8111684347567252,60,6,11,120,gmm,subset9studies_test_gse23720.csv,gse23720,gmm
0.9623287671232876,0.982788296041308,0.963855421686747,0.9603174603174603,0.9233124780889548,121,5,6,160,gmm,subset9studies_test_gse25055.csv,gse25055,gmm
0.8532608695652174,0.8827656588850618,0.8632478632478633,0.835820895522388,0.6892471304999412,56,11,16,101,gmm,subset9studies_test_gse25065.csv,gse25065,gmm
0.8444444444444444,0.8262933080208827,0.9186046511627908,0.7142857142857143,0.6573696216126362,35,14,7,79,gmm,subset9studies_test_gse45255.csv,gse45255,gmm
0.7509433962264151,0.9512471655328798,1.0,0.6944444444444444,0.543961138140183,150,66,0,49,gmm,subset9studies_test_gse76275.csv,gse76275,gmm
0.924342105263158,0.9921172215524436,0.9125475285171104,1.0,0.7645918914403119,41,0,23,240,gmm,subset9studies_test_gse96058_nextseq.csv,gse96058_nextseq,gmm
0.9739130434782608,0.986031746031746,0.9857142857142858,0.9555555555555556,0.9451786611330648,43,2,1,69,log_combat,subset10studies_test_gse19615.csv,gse19615,log_combat
0.9721115537848606,0.9963709677419356,0.9806451612903224,0.9583333333333334,0.9408773408393036,92,4,3,152,log_combat,subset10studies_test_gse20194.csv,gse20194,log_combat
0.8910256410256411,0.9273097826086956,0.9021739130434784,0.875,0.7753981145352655,56,8,9,83,log_combat,subset10studies_test_gse20271.csv,gse20271,log_combat
0.9289340101522844,0.9271339347675224,0.9465648854961832,0.8939393939393939,0.8405042794355772,59,7,7,124,log_combat,subset10studies_test_gse23720.csv,gse23720,log_combat
0.9623287671232876,0.9881430483840122,0.9698795180722892,0.9523809523809524,0.9231657190950284,120,6,5,161,log_combat,subset10studies_test_gse25055.csv,gse25055,log_combat
0.8532608695652174,0.8892715907641281,0.8461538461538461,0.8656716417910447,0.6956410354040179,58,9,18,99,log_combat,subset10studies_test_gse25065.csv,gse25065,log_combat
0.8518518518518519,0.8751779781680114,0.9186046511627908,0.7346938775510204,0.6742652911867638,36,13,7,79,log_combat,subset10studies_test_gse45255.csv,gse45255,log_combat
0.9376947040498442,0.952225352112676,0.94,0.9295774647887324,0.8309202150362384,66,5,15,235,log_combat,subset10studies_test_gse58644.csv,gse58644,log_combat
0.5773584905660377,0.9296107331821618,1.0,0.4814814814814814,0.382802615181788,104,112,0,49,log_combat,subset10studies_test_gse76275.csv,gse76275,log_combat
0.9572368421052632,0.9845126588148012,0.9505703422053232,1.0,0.8495465460447911,41,0,13,250,log_combat,subset10studies_test_gse96058_nextseq.csv,gse96058_nextseq,log_combat
0.9652173913043478,0.98,0.9714285714285714,0.9555555555555556,0.926984126984127,43,2,2,68,log_combat,subset11studies_test_gse19615.csv,gse19615,log_combat
0.9721115537848606,0.9970430107526882,0.9806451612903224,0.9583333333333334,0.9408773408393036,92,4,3,152,log_combat,subset11studies_test_gse20194.csv,gse20194,log_combat
0.8782051282051282,0.9449728260869564,0.8804347826086957,0.875,0.750668985896334,56,8,11,81,log_combat,subset11studies_test_gse20271.csv,gse20271,log_combat
0.9949238578680204,0.999884339578996,0.9923664122137404,1.0,0.9887137974284952,66,0,1,130,log_combat,subset11studies_test_gse23720.csv,gse23720,log_combat
0.9623287671232876,0.9868999808758844,0.9698795180722892,0.9523809523809524,0.9231657190950284,120,6,5,161,log_combat,subset11studies_test_gse25055.csv,gse25055,log_combat
0.8532608695652174,0.890164561806353,0.8290598290598291,0.8955223880597015,0.7033254622990277,60,7,20,97,log_combat,subset11studies_test_gse25065.csv,gse25065,log_combat
0.9299719887955182,0.9720823366486214,0.9627659574468084,0.893491124260355,0.8607387827199491,151,18,7,181,log_combat,subset11studies_test_gse31448.csv,gse31448,log_combat
0.8444444444444444,0.8770764119601329,0.9069767441860463,0.7346938775510204,0.6582826173384553,36,13,8,78,log_combat,subset11studies_test_gse45255.csv,gse45255,log_combat
0.9376947040498442,0.96343661971831,0.936,0.943661971830986,0.8338491139589387,67,4,16,234,log_combat,subset11studies_test_gse58644.csv,gse58644,log_combat
0.6113207547169811,0.9279100529100528,1.0,0.5231481481481481,0.4106658526041905,113,103,0,49,log_combat,subset11studies_test_gse76275.csv,gse76275,log_combat
0.950657894736842,0.9822869331354912,0.9429657794676806,1.0,0.8308944938843975,41,0,15,248,log_combat,subset11studies_test_gse96058_nextseq.csv,gse96058_nextseq,log_combat
0.9565217391304348,0.973968253968254,0.9714285714285714,0.9333333333333332,0.9085191177838904,42,3,2,68,log_combat,subset12studies_test_gse19615.csv,gse19615,log_combat
0.9681274900398408,0.9958333333333332,0.9806451612903224,0.9479166666666666,0.9323920008577034,91,5,3,152,log_combat,subset12studies_test_gse20194.csv,gse20194,log_combat
0.8782051282051282,0.9397078804347826,0.8804347826086957,0.875,0.750668985896334,56,8,11,81,log_combat,subset12studies_test_gse20271.csv,gse20271,log_combat
0.9898477157360406,0.9995373583159844,0.9847328244274808,1.0,0.9776349494045624,66,0,2,129,log_combat,subset12studies_test_gse23720.csv,gse23720,log_combat
0.9623287671232876,0.9843660355708548,0.9698795180722892,0.9523809523809524,0.9231657190950284,120,6,5,161,log_combat,subset12studies_test_gse25055.csv,gse25055,log_combat
0.8586956521739131,0.8760045924225028,0.8376068376068376,0.8955223880597015,0.7126932896584922,60,7,19,98,log_combat,subset12studies_test_gse25065.csv,gse25065,log_combat
0.9215686274509804,0.974977968022158,0.9627659574468084,0.8757396449704142,0.8446693039057516,148,21,7,181,log_combat,subset12studies_test_gse31448.csv,gse31448,log_combat
0.837037037037037,0.8766018035121026,0.8953488372093024,0.7346938775510204,0.642672546401691,36,13,9,77,log_combat,subset12studies_test_gse45255.csv,gse45255,log_combat
0.940809968847352,0.9615211267605632,0.944,0.9295774647887324,0.8381988992228555,66,5,14,236,log_combat,subset12studies_test_gse58644.csv,gse58644,log_combat
0.6075471698113207,0.9375472411186696,1.0,0.5185185185185185,0.4075064248854541,112,104,0,49,log_combat,subset12studies_test_gse76275.csv,gse76275,log_combat
0.9407407407407408,0.9827456014498224,0.9504643962848296,0.902439024390244,0.8243877162070975,74,8,16,307,log_combat,subset12studies_test_gse81538.csv,gse81538,log_combat
0.9539473684210528,0.9880367244737086,0.946768060836502,1.0,0.8401027046985124,41,0,14,249,log_combat,subset12studies_test_gse96058_nextseq.csv,gse96058_nextseq,log_combat
0.9565217391304348,0.9822222222222222,0.9571428571428572,0.9555555555555556,0.9092412093166348,43,2,3,67,log_combat,subset13studies_test_gse19615.csv,gse19615,log_combat
0.9681274900398408,0.9942204301075268,0.9741935483870968,0.9583333333333334,0.93252688172043,92,4,4,151,log_combat,subset13studies_test_gse20194.csv,gse20194,log_combat
0.8782051282051282,0.9298573369565216,0.8913043478260869,0.859375,0.7489640879033814,55,9,10,82,log_combat,subset13studies_test_gse20271.csv,gse20271,log_combat
0.9949238578680204,0.999884339578996,0.9923664122137404,1.0,0.9887137974284952,66,0,1,130,log_combat,subset13studies_test_gse23720.csv,gse23720,log_combat
0.9623287671232876,0.9781985083189902,0.9759036144578314,0.9444444444444444,0.9231993908197348,119,7,4,162,log_combat,subset13studies_test_gse25055.csv,gse25055,log_combat
0.8586956521739131,0.8910575328485776,0.8461538461538461,0.8805970149253731,0.7088896503832436,59,8,18,99,log_combat,subset13studies_test_gse25065.csv,gse25065,log_combat
0.9215686274509804,0.9750409165302782,0.973404255319149,0.863905325443787,0.8462257835844242,146,23,5,183,log_combat,subset13studies_test_gse31448.csv,gse31448,log_combat
0.8592592592592593,0.8666350261034647,0.9186046511627908,0.7551020408163265,0.6911480586626756,37,12,7,79,log_combat,subset13studies_test_gse45255.csv,gse45255,log_combat
0.940809968847352,0.948338028169014,0.94,0.943661971830986,0.8409679943224309,67,4,15,235,log_combat,subset13studies_test_gse58644.csv,gse58644,log_combat
0.9136150234741784,0.8912238398544131,0.9592356687898088,0.7857142857142857,0.7716056495798619,220,60,32,753,log_combat,subset13studies_test_gse62944_tumor.csv,gse62944_tumor,log_combat
0.5849056603773585,0.9383030990173848,1.0,0.4907407407407407,0.3888888888888889,106,110,0,49,log_combat,subset13studies_test_gse76275.csv,gse76275,log_combat
0.945679012345679,0.9810088348561504,0.9504643962848296,0.926829268292683,0.8413701458907805,76,6,16,307,log_combat,subset13studies_test_gse81538.csv,gse81538,log_combat
0.9539473684210528,0.9901697115830472,0.946768060836502,1.0,0.8401027046985124,41,0,14,249,log_combat,subset13studies_test_gse96058_nextseq.csv,gse96058_nextseq,log_combat
0.982608695652174,0.9812698412698412,1.0,0.9555555555555556,0.9638528651609708,43,2,0,70,log_combat,subset14studies_test_gse19615.csv,gse19615,log_combat
0.9641434262948207,0.9946236559139784,0.9806451612903224,0.9375,0.9239379327067992,90,6,3,152,log_combat,subset14studies_test_gse20194.csv,gse20194,log_combat
0.8782051282051282,0.9358016304347826,0.9021739130434784,0.84375,0.7477676655666522,54,10,9,83,log_combat,subset14studies_test_gse20271.csv,gse20271,log_combat
0.9898477157360406,0.999884339578996,0.9847328244274808,1.0,0.9776349494045624,66,0,2,129,log_combat,subset14studies_test_gse23720.csv,gse23720,log_combat
0.9486301369863014,0.9846528973034996,0.963855421686747,0.9285714285714286,0.8951916794307102,117,9,6,160,log_combat,subset14studies_test_gse25055.csv,gse25055,log_combat
0.8641304347826086,0.8966704936854192,0.8547008547008547,0.8805970149253731,0.7185797362130393,59,8,17,100,log_combat,subset14studies_test_gse25065.csv,gse25065,log_combat
0.9243697478991596,0.9736875236056906,0.9680851063829788,0.8757396449704142,0.8506798732087041,148,21,6,182,log_combat,subset14studies_test_gse31448.csv,gse31448,log_combat
0.8592592592592593,0.8607024205030849,0.9302325581395348,0.7346938775510204,0.6906447993095638,36,13,6,80,log_combat,subset14studies_test_gse45255.csv,gse45255,log_combat
0.940809968847352,0.9482816901408452,0.948,0.9154929577464788,0.8356175267532475,65,6,13,237,log_combat,subset14studies_test_gse58644.csv,gse58644,log_combat
0.9126760563380282,0.8973885350318472,0.9579617834394905,0.7857142857142857,0.7692356004899282,220,60,33,752,log_combat,subset14studies_test_gse62944_tumor.csv,gse62944_tumor,log_combat
0.5773584905660377,0.927437641723356,1.0,0.4814814814814814,0.382802615181788,104,112,0,49,log_combat,subset14studies_test_gse76275.csv,gse76275,log_combat
0.9555555555555556,0.9885599939590728,0.9752321981424148,0.8780487804878049,0.8612189509205713,72,10,8,315,log_combat,subset14studies_test_gse81538.csv,gse81538,log_combat
0.9437521050858876,0.9580741533670688,0.9505644219540678,0.9,0.7842488515134954,360,40,127,2442,log_combat,subset14studies_test_gse96058_hiseq.csv,gse96058_hiseq,log_combat
0.9703947368421052,0.9867383844941112,0.9695817490494296,0.975609756097561,0.8854193544900133,40,1,8,255,log_combat,subset14studies_test_gse96058_nextseq.csv,gse96058_nextseq,log_combat
0.9565217391304348,0.9819047619047618,0.9857142857142858,0.9111111111111112,0.9090276637993084,41,4,1,69,log_combat,subset2studies_test_gse19615.csv,gse19615,log_combat
0.837037037037037,0.8626008542952064,0.9302325581395348,0.673469387755102,0.6404746150058319,33,16,6,80,log_combat,subset2studies_test_gse45255.csv,gse45255,log_combat
0.9652173913043478,0.9819047619047618,0.9857142857142858,0.9333333333333332,0.9270279218076446,42,3,1,69,log_combat,subset3studies_test_gse19615.csv,gse19615,log_combat
0.8205128205128205,0.873641304347826,0.8804347826086957,0.734375,0.6257453561245013,47,17,11,81,log_combat,subset3studies_test_gse20271.csv,gse20271,log_combat
0.8444444444444444,0.8571428571428572,0.9186046511627908,0.7142857142857143,0.6573696216126362,35,14,7,79,log_combat,subset3studies_test_gse45255.csv,gse45255,log_combat
0.9565217391304348,0.972063492063492,0.9857142857142858,0.9111111111111112,0.9090276637993084,41,4,1,69,log_combat,subset4studies_test_gse19615.csv,gse19615,log_combat
0.8653846153846154,0.8970788043478262,0.9021739130434784,0.8125,0.720385744870595,52,12,9,83,log_combat,subset4studies_test_gse20271.csv,gse20271,log_combat
0.8695652173913043,0.9119785686949866,0.8803418803418803,0.8507462686567164,0.722656111959507,57,10,14,103,log_combat,subset4studies_test_gse25065.csv,gse25065,log_combat
0.8518518518518519,0.851922164214523,0.9418604651162792,0.6938775510204082,0.6744620650945848,34,15,5,81,log_combat,subset4studies_test_gse45255.csv,gse45255,log_combat
0.9478260869565216,0.9768253968253968,0.9857142857142858,0.8888888888888888,0.8911658548002984,40,5,1,69,log_combat,subset5studies_test_gse19615.csv,gse19615,log_combat
0.8525641025641025,0.8941915760869565,0.8913043478260869,0.796875,0.6936794292337575,51,13,10,82,log_combat,subset5studies_test_gse20271.csv,gse20271,log_combat
0.9035532994923858,0.9260929909784872,0.931297709923664,0.8484848484848485,0.7827759765493103,56,10,9,122,log_combat,subset5studies_test_gse23720.csv,gse23720,log_combat
0.8695652173913043,0.9063656078581452,0.8717948717948718,0.8656716417910447,0.725353511250122,58,9,15,102,log_combat,subset5studies_test_gse25065.csv,gse25065,log_combat
0.8444444444444444,0.8630754627432369,0.9302325581395348,0.6938775510204082,0.6572289489513108,34,15,6,80,log_combat,subset5studies_test_gse45255.csv,gse45255,log_combat
0.9652173913043478,0.9774603174603176,1.0,0.9111111111111112,0.9283651554543944,41,4,0,70,log_combat,subset6studies_test_gse19615.csv,gse19615,log_combat
0.9203187250996016,0.9575940860215054,0.9483870967741936,0.875,0.830449153407827,84,12,8,147,log_combat,subset6studies_test_gse20194.csv,gse20194,log_combat
0.8653846153846154,0.8902853260869565,0.9021739130434784,0.8125,0.720385744870595,52,12,9,83,log_combat,subset6studies_test_gse20271.csv,gse20271,log_combat
0.9035532994923858,0.9251677076104556,0.9236641221374046,0.8636363636363636,0.7844026595682713,57,9,10,121,log_combat,subset6studies_test_gse23720.csv,gse23720,log_combat
0.8532608695652174,0.8967980609771655,0.8547008547008547,0.8507462686567164,0.6922812937680397,57,10,17,100,log_combat,subset6studies_test_gse25065.csv,gse25065,log_combat
0.8518518518518519,0.8663977218794494,0.9418604651162792,0.6938775510204082,0.6744620650945848,34,15,5,81,log_combat,subset6studies_test_gse45255.csv,gse45255,log_combat
0.9565217391304348,0.9892063492063492,0.9571428571428572,0.9555555555555556,0.9092412093166348,43,2,3,67,log_combat,subset7studies_test_gse19615.csv,gse19615,log_combat
0.9282868525896414,0.9600806451612904,0.935483870967742,0.9166666666666666,0.8489048888329013,88,8,10,145,log_combat,subset7studies_test_gse20194.csv,gse20194,log_combat
0.8653846153846154,0.9142323369565216,0.8695652173913043,0.859375,0.7243415664269482,55,9,12,80,log_combat,subset7studies_test_gse20271.csv,gse20271,log_combat
0.8934010152284264,0.9396252602359472,0.8778625954198473,0.9242424242424242,0.7758948409800828,61,5,16,115,log_combat,subset7studies_test_gse23720.csv,gse23720,log_combat
0.8641304347826086,0.8817451205510907,0.8461538461538461,0.8955223880597015,0.7221783442639015,60,7,18,99,log_combat,subset7studies_test_gse25065.csv,gse25065,log_combat
0.8222222222222222,0.8585666824869482,0.872093023255814,0.7346938775510204,0.6124818130491909,36,13,11,75,log_combat,subset7studies_test_gse45255.csv,gse45255,log_combat
0.5622641509433962,0.9230914588057444,1.0,0.4629629629629629,0.3707910069288415,100,116,0,49,log_combat,subset7studies_test_gse76275.csv,gse76275,log_combat
0.9652173913043478,0.9863492063492064,0.9714285714285714,0.9555555555555556,0.926984126984127,43,2,2,68,log_combat,subset8studies_test_gse19615.csv,gse19615,log_combat
0.9322709163346612,0.9653897849462366,0.967741935483871,0.875,0.8561375791157847,84,12,5,150,log_combat,subset8studies_test_gse20194.csv,gse20194,log_combat
0.8782051282051282,0.9206861413043478,0.8913043478260869,0.859375,0.7489640879033814,55,9,10,82,log_combat,subset8studies_test_gse20271.csv,gse20271,log_combat
0.9187817258883249,0.9318760120286838,0.9389312977099236,0.8787878787878788,0.8177191764978025,58,8,8,123,log_combat,subset8studies_test_gse23720.csv,gse23720,log_combat
0.8586956521739131,0.8937364459752519,0.8376068376068376,0.8955223880597015,0.7126932896584922,60,7,19,98,log_combat,subset8studies_test_gse25065.csv,gse25065,log_combat
0.8592592592592593,0.8803986710963455,0.9302325581395348,0.7346938775510204,0.6906447993095638,36,13,6,80,log_combat,subset8studies_test_gse45255.csv,gse45255,log_combat
0.5849056603773585,0.934145880574452,1.0,0.4907407407407407,0.3888888888888889,106,110,0,49,log_combat,subset8studies_test_gse76275.csv,gse76275,log_combat
0.944078947368421,0.9875730316238523,0.935361216730038,1.0,0.8131442791552788,41,0,17,246,log_combat,subset8studies_test_gse96058_nextseq.csv,gse96058_nextseq,log_combat
0.9478260869565216,0.966984126984127,0.9571428571428572,0.9333333333333332,0.8904761904761904,42,3,3,67,log_combat,subset9studies_test_gse19615.csv,gse19615,log_combat
0.9601593625498008,0.9950940860215052,0.9806451612903224,0.9270833333333334,0.915513933649977,89,7,3,152,log_combat,subset9studies_test_gse20194.csv,gse20194,log_combat
0.8782051282051282,0.9201766304347826,0.8913043478260869,0.859375,0.7489640879033814,55,9,10,82,log_combat,subset9studies_test_gse20271.csv,gse20271,log_combat
0.9289340101522844,0.931413370344668,0.9465648854961832,0.8939393939393939,0.8405042794355772,59,7,7,124,log_combat,subset9studies_test_gse23720.csv,gse23720,log_combat
0.9554794520547946,0.9858003442340793,0.9698795180722892,0.9365079365079364,0.9091955351252226,118,8,5,161,log_combat,subset9studies_test_gse25055.csv,gse25055,log_combat
0.8586956521739131,0.8725602755453502,0.8461538461538461,0.8805970149253731,0.7088896503832436,59,8,18,99,log_combat,subset9studies_test_gse25065.csv,gse25065,log_combat
0.8518518518518519,0.8858566682486948,0.9186046511627908,0.7346938775510204,0.6742652911867638,36,13,7,79,log_combat,subset9studies_test_gse45255.csv,gse45255,log_combat
0.569811320754717,0.9267762660619804,1.0,0.4722222222222222,0.3767709828947362,102,114,0,49,log_combat,subset9studies_test_gse76275.csv,gse76275,log_combat
0.944078947368421,0.9843271816748586,0.935361216730038,1.0,0.8131442791552788,41,0,17,246,log_combat,subset9studies_test_gse96058_nextseq.csv,gse96058_nextseq,log_combat
0.9652173913043478,0.9847619047619048,0.9714285714285714,0.9555555555555556,0.926984126984127,43,2,2,68,log_transformed,subset10studies_test_gse19615.csv,gse19615,log_transformed
0.9721115537848606,0.9933467741935484,0.9806451612903224,0.9583333333333334,0.9408773408393036,92,4,3,152,log_transformed,subset10studies_test_gse20194.csv,gse20194,log_transformed
0.8782051282051282,0.9307065217391304,0.9021739130434784,0.84375,0.7477676655666522,54,10,9,83,log_transformed,subset10studies_test_gse20271.csv,gse20271,log_transformed
0.9238578680203046,0.9361554476058292,0.9389312977099236,0.8939393939393939,0.8298051346483211,59,7,8,123,log_transformed,subset10studies_test_gse23720.csv,gse23720,log_transformed
0.976027397260274,0.9862784471218208,0.9759036144578314,0.9761904761904762,0.951207692119164,123,3,4,162,log_transformed,subset10studies_test_gse25055.csv,gse25055,log_transformed
0.8586956521739131,0.9096823574435516,0.8461538461538461,0.8805970149253731,0.7088896503832436,59,8,18,99,log_transformed,subset10studies_test_gse25065.csv,gse25065,log_transformed
0.8666666666666667,0.8725676317038443,0.9651162790697676,0.6938775510204082,0.7104192391509954,34,15,3,83,log_transformed,subset10studies_test_gse45255.csv,gse45255,log_transformed
0.9501557632398754,0.952056338028169,0.96,0.9154929577464788,0.8587240980699082,65,6,10,240,log_transformed,subset10studies_test_gse58644.csv,gse58644,log_transformed
0.8415094339622642,0.9251700680272108,1.0,0.8055555555555556,0.6586051045662217,174,42,0,49,log_transformed,subset10studies_test_gse76275.csv,gse76275,log_transformed
0.3717105263157895,0.9230269869238616,0.2737642585551331,1.0,0.2199562515353558,41,0,191,72,log_transformed,subset10studies_test_gse96058_nextseq.csv,gse96058_nextseq,log_transformed
0.9565217391304348,0.9815873015873016,0.9571428571428572,0.9555555555555556,0.9092412093166348,43,2,3,67,log_transformed,subset11studies_test_gse19615.csv,gse19615,log_transformed
0.9721115537848606,0.9954301075268818,0.9741935483870968,0.96875,0.941111177378704,93,3,4,151,log_transformed,subset11studies_test_gse20194.csv,gse20194,log_transformed
0.8782051282051282,0.9291779891304348,0.9021739130434784,0.84375,0.7477676655666522,54,10,9,83,log_transformed,subset11studies_test_gse20271.csv,gse20271,log_transformed
1.0,1.0,1.0,1.0,1.0,66,0,0,131,log_transformed,subset11studies_test_gse23720.csv,gse23720,log_transformed
0.9794520547945206,0.9851788104800152,0.9759036144578314,0.984126984126984,0.9582911625139804,124,2,4,162,log_transformed,subset11studies_test_gse25055.csv,gse25055,log_transformed
0.8641304347826086,0.8961602245184335,0.8461538461538461,0.8955223880597015,0.7221783442639015,60,7,18,99,log_transformed,subset11studies_test_gse25065.csv,gse25065,log_transformed
0.9551820728291316,0.9746002769734358,0.9680851063829788,0.940828402366864,0.9102323127555288,159,10,6,182,log_transformed,subset11studies_test_gse31448.csv,gse31448,log_transformed
0.8592592592592593,0.8735168485999051,0.9418604651162792,0.7142857142857143,0.690965035684553,35,14,5,81,log_transformed,subset11studies_test_gse45255.csv,gse45255,log_transformed
0.9034267912772586,0.9591549295774648,0.896,0.9295774647887324,0.7577838646123168,66,5,26,224,log_transformed,subset11studies_test_gse58644.csv,gse58644,log_transformed
0.8716981132075472,0.932634164777022,0.9591836734693876,0.8518518518518519,0.6883269529108583,184,32,2,47,log_transformed,subset11studies_test_gse76275.csv,gse76275,log_transformed
0.4736842105263157,0.9056848743392376,0.3916349809885932,1.0,0.2826406594789717,41,0,160,103,log_transformed,subset11studies_test_gse96058_nextseq.csv,gse96058_nextseq,log_transformed
0.9652173913043478,0.9771428571428572,0.9714285714285714,0.9555555555555556,0.926984126984127,43,2,2,68,log_transformed,subset12studies_test_gse19615.csv,gse19615,log_transformed
0.9760956175298804,0.9916666666666666,0.9806451612903224,0.96875,0.9493951612903224,93,3,3,152,log_transformed,subset12studies_test_gse20194.csv,gse20194,log_transformed
0.8974358974358975,0.9369904891304348,0.9021739130434784,0.890625,0.7893211213913965,57,7,9,83,log_transformed,subset12studies_test_gse20271.csv,gse20271,log_transformed
1.0,1.0,1.0,1.0,1.0,66,0,0,131,log_transformed,subset12studies_test_gse23720.csv,gse23720,log_transformed
0.9794520547945206,0.9849875693249188,0.9759036144578314,0.984126984126984,0.9582911625139804,124,2,4,162,log_transformed,subset12studies_test_gse25055.csv,gse25055,log_transformed
0.8586956521739131,0.8876132159714251,0.8461538461538461,0.8805970149253731,0.7088896503832436,59,8,18,99,log_transformed,subset12studies_test_gse25065.csv,gse25065,log_transformed
0.9523809523809524,0.9741911116706534,0.973404255319149,0.9289940828402368,0.9049941061541328,157,12,5,183,log_transformed,subset12studies_test_gse31448.csv,gse31448,log_transformed
0.8592592592592593,0.8903654485049833,0.9534883720930232,0.6938775510204082,0.6921806189809484,34,15,4,82,log_transformed,subset12studies_test_gse45255.csv,gse45255,log_transformed
0.956386292834891,0.955887323943662,0.964,0.9295774647887324,0.8764622213311979,66,5,9,241,log_transformed,subset12studies_test_gse58644.csv,gse58644,log_transformed
0.8716981132075472,0.9305555555555556,0.9591836734693876,0.8518518518518519,0.6883269529108583,184,32,2,47,log_transformed,subset12studies_test_gse76275.csv,gse76275,log_transformed
0.9530864197530864,0.983387449973571,0.9907120743034056,0.8048780487804879,0.8503611022447031,66,16,3,320,log_transformed,subset12studies_test_gse81538.csv,gse81538,log_transformed
0.9605263157894736,0.9870166002040248,0.9657794676806084,0.926829268292683,0.8433647500594049,38,3,9,254,log_transformed,subset12studies_test_gse96058_nextseq.csv,gse96058_nextseq,log_transformed
0.9565217391304348,0.9901587301587302,0.9571428571428572,0.9555555555555556,0.9092412093166348,43,2,3,67,log_transformed,subset13studies_test_gse19615.csv,gse19615,log_transformed
0.9800796812749004,0.997244623655914,0.9806451612903224,0.9791666666666666,0.9579466777366296,94,2,3,152,log_transformed,subset13studies_test_gse20194.csv,gse20194,log_transformed
0.8782051282051282,0.9313858695652174,0.9021739130434784,0.84375,0.7477676655666522,54,10,9,83,log_transformed,subset13studies_test_gse20271.csv,gse20271,log_transformed
1.0,1.0,1.0,1.0,1.0,66,0,0,131,log_transformed,subset13studies_test_gse23720.csv,gse23720,log_transformed
0.976027397260274,0.9888123924268504,0.9759036144578314,0.9761904761904762,0.951207692119164,123,3,4,162,log_transformed,subset13studies_test_gse25055.csv,gse25055,log_transformed
0.8586956521739131,0.9159331547391248,0.8461538461538461,0.8805970149253731,0.7088896503832436,59,8,18,99,log_transformed,subset13studies_test_gse25065.csv,gse25065,log_transformed
0.9495798319327732,0.9642137731335768,0.9680851063829788,0.9289940828402368,0.8992043343921152,157,12,6,182,log_transformed,subset13studies_test_gse31448.csv,gse31448,log_transformed
0.8592592592592593,0.8744660654959658,0.9418604651162792,0.7142857142857143,0.690965035684553,35,14,5,81,log_transformed,subset13studies_test_gse45255.csv,gse45255,log_transformed
0.956386292834891,0.9547605633802816,0.964,0.9295774647887324,0.8764622213311979,66,5,9,241,log_transformed,subset13studies_test_gse58644.csv,gse58644,log_transformed
0.7474178403755869,0.8193016378525932,0.9936305732484076,0.0571428571428571,0.1607646109486927,16,264,5,780,log_transformed,subset13studies_test_gse62944_tumor.csv,gse62944_tumor,log_transformed
0.8603773584905661,0.930650037792895,1.0,0.8287037037037037,0.6871451006298103,179,37,0,49,log_transformed,subset13studies_test_gse76275.csv,gse76275,log_transformed
0.9530864197530864,0.9837272521332024,0.9907120743034056,0.8048780487804879,0.8503611022447031,66,16,3,320,log_transformed,subset13studies_test_gse81538.csv,gse81538,log_transformed
0.9638157894736842,0.9870166002040248,0.9809885931558936,0.8536585365853658,0.8434138874686241,35,6,5,258,log_transformed,subset13studies_test_gse96058_nextseq.csv,gse96058_nextseq,log_transformed
0.9565217391304348,0.9847619047619048,0.9571428571428572,0.9555555555555556,0.9092412093166348,43,2,3,67,log_transformed,subset14studies_test_gse19615.csv,gse19615,log_transformed
0.9721115537848606,0.9958333333333332,0.9741935483870968,0.96875,0.941111177378704,93,3,4,151,log_transformed,subset14studies_test_gse20194.csv,gse20194,log_transformed
0.8782051282051282,0.9242527173913044,0.9130434782608696,0.828125,0.7470920605074327,53,11,8,84,log_transformed,subset14studies_test_gse20271.csv,gse20271,log_transformed
1.0,1.0,1.0,1.0,1.0,66,0,0,131,log_transformed,subset14studies_test_gse23720.csv,gse23720,log_transformed
0.976027397260274,0.9883342895391088,0.9759036144578314,0.9761904761904762,0.951207692119164,123,3,4,162,log_transformed,subset14studies_test_gse25055.csv,gse25055,log_transformed
0.8586956521739131,0.9052175022324276,0.8547008547008547,0.8656716417910447,0.7054131881941659,58,9,17,100,log_transformed,subset14studies_test_gse25065.csv,gse25065,log_transformed
0.9551820728291316,0.9712954802971168,0.9680851063829788,0.940828402366864,0.9102323127555288,159,10,6,182,log_transformed,subset14studies_test_gse31448.csv,gse31448,log_transformed
0.8592592592592593,0.8552444233507357,0.9418604651162792,0.7142857142857143,0.690965035684553,35,14,5,81,log_transformed,subset14studies_test_gse45255.csv,gse45255,log_transformed
0.881619937694704,0.955943661971831,0.864,0.943661971830986,0.7218663313714268,67,4,34,216,log_transformed,subset14studies_test_gse58644.csv,gse58644,log_transformed
0.3107981220657277,0.5455482256596906,0.0777070063694267,0.9642857142857144,0.074108067843422,270,10,724,61,log_transformed,subset14studies_test_gse62944_tumor.csv,gse62944_tumor,log_transformed
0.8603773584905661,0.9267762660619804,0.9387755102040816,0.8425925925925926,0.6607691162642835,182,34,3,46,log_transformed,subset14studies_test_gse76275.csv,gse76275,log_transformed
0.965432098765432,0.9874273200936344,0.9690402476780186,0.951219512195122,0.8967009962220444,78,4,10,313,log_transformed,subset14studies_test_gse81538.csv,gse81538,log_transformed
0.9477938699898956,0.9619131957960294,0.9708057609964968,0.8,0.7749152016499724,320,80,75,2494,log_transformed,subset14studies_test_gse96058_hiseq.csv,gse96058_hiseq,log_transformed
0.9572368421052632,0.9882222016136512,0.9619771863117872,0.926829268292683,0.8325999895439842,38,3,10,253,log_transformed,subset14studies_test_gse96058_nextseq.csv,gse96058_nextseq,log_transformed
0.9565217391304348,0.9631746031746032,0.9714285714285714,0.9333333333333332,0.9085191177838904,42,3,2,68,log_transformed,subset2studies_test_gse19615.csv,gse19615,log_transformed
0.837037037037037,0.8329378262933079,0.9186046511627908,0.6938775510204082,0.6404494894042481,34,15,7,79,log_transformed,subset2studies_test_gse45255.csv,gse45255,log_transformed
0.9652173913043478,0.971111111111111,0.9857142857142858,0.9333333333333332,0.9270279218076446,42,3,1,69,log_transformed,subset3studies_test_gse19615.csv,gse19615,log_transformed
0.8269230769230769,0.8836616847826086,0.8586956521739131,0.78125,0.6415274507866907,50,14,13,79,log_transformed,subset3studies_test_gse20271.csv,gse20271,log_transformed
0.8296296296296296,0.8618889416231609,0.9534883720930232,0.6122448979591837,0.626698766671889,30,19,4,82,log_transformed,subset3studies_test_gse45255.csv,gse45255,log_transformed
0.9391304347826088,0.9603174603174603,1.0,0.8444444444444444,0.8761716542303611,38,7,0,70,log_transformed,subset4studies_test_gse19615.csv,gse19615,log_transformed
0.8589743589743589,0.9176290760869564,0.8913043478260869,0.8125,0.7074179485843503,52,12,10,82,log_transformed,subset4studies_test_gse20271.csv,gse20271,log_transformed
0.8695652173913043,0.9073861461921164,0.8632478632478633,0.8805970149253731,0.728398140669414,59,8,16,101,log_transformed,subset4studies_test_gse25065.csv,gse25065,log_transformed
0.8444444444444444,0.8761271950640721,0.9534883720930232,0.6530612244897959,0.6595454614589602,32,17,4,82,log_transformed,subset4studies_test_gse45255.csv,gse45255,log_transformed
0.9739130434782608,0.9809523809523808,0.9857142857142858,0.9555555555555556,0.9451786611330648,43,2,1,69,log_transformed,subset5studies_test_gse19615.csv,gse19615,log_transformed
0.8589743589743589,0.8979279891304348,0.8804347826086957,0.828125,0.7085597826086957,53,11,11,81,log_transformed,subset5studies_test_gse20271.csv,gse20271,log_transformed
0.9086294416243654,0.94205412907703,0.9618320610687024,0.803030303030303,0.792080843874716,53,13,5,126,log_transformed,subset5studies_test_gse23720.csv,gse23720,log_transformed
0.8641304347826086,0.9056002041076668,0.8461538461538461,0.8955223880597015,0.7221783442639015,60,7,18,99,log_transformed,subset5studies_test_gse25065.csv,gse25065,log_transformed
0.8518518518518519,0.8934504034171807,0.9534883720930232,0.673469387755102,0.6758831940356247,33,16,4,82,log_transformed,subset5studies_test_gse45255.csv,gse45255,log_transformed
0.9739130434782608,0.9733333333333334,0.9857142857142858,0.9555555555555556,0.9451786611330648,43,2,1,69,log_transformed,subset6studies_test_gse19615.csv,gse19615,log_transformed
0.9282868525896414,0.9646505376344088,0.9548387096774194,0.8854166666666666,0.847462109456257,85,11,7,148,log_transformed,subset6studies_test_gse20194.csv,gse20194,log_transformed
0.8782051282051282,0.9266304347826086,0.9021739130434784,0.84375,0.7477676655666522,54,10,9,83,log_transformed,subset6studies_test_gse20271.csv,gse20271,log_transformed
0.9035532994923858,0.9426324311820496,0.9770992366412212,0.7575757575757576,0.7819584786117685,50,16,3,128,log_transformed,subset6studies_test_gse23720.csv,gse23720,log_transformed
0.8532608695652174,0.901518050771782,0.8547008547008547,0.8507462686567164,0.6922812937680397,57,10,17,100,log_transformed,subset6studies_test_gse25065.csv,gse25065,log_transformed
0.8444444444444444,0.8626008542952065,0.9302325581395348,0.6938775510204082,0.6572289489513108,34,15,6,80,log_transformed,subset6studies_test_gse45255.csv,gse45255,log_transformed
0.9739130434782608,0.9841269841269842,0.9857142857142858,0.9555555555555556,0.9451786611330648,43,2,1,69,log_transformed,subset7studies_test_gse19615.csv,gse19615,log_transformed
0.9322709163346612,0.9593413978494624,0.9483870967741936,0.90625,0.8563653838715592,87,9,8,147,log_transformed,subset7studies_test_gse20194.csv,gse20194,log_transformed
0.8782051282051282,0.9194972826086956,0.9130434782608696,0.828125,0.7470920605074327,53,11,8,84,log_transformed,subset7studies_test_gse20271.csv,gse20271,log_transformed
0.9187817258883249,0.948415452232246,0.9389312977099236,0.8787878787878788,0.8177191764978025,58,8,8,123,log_transformed,subset7studies_test_gse23720.csv,gse23720,log_transformed
0.8586956521739131,0.8953948207679551,0.8547008547008547,0.8656716417910447,0.7054131881941659,58,9,17,100,log_transformed,subset7studies_test_gse25065.csv,gse25065,log_transformed
0.8444444444444444,0.8787375415282391,0.9302325581395348,0.6938775510204082,0.6572289489513108,34,15,6,80,log_transformed,subset7studies_test_gse45255.csv,gse45255,log_transformed
0.8339622641509434,0.9287603930461074,1.0,0.7962962962962963,0.647729853075119,172,44,0,49,log_transformed,subset7studies_test_gse76275.csv,gse76275,log_transformed
0.9652173913043478,0.9885714285714288,0.9714285714285714,0.9555555555555556,0.926984126984127,43,2,2,68,log_transformed,subset8studies_test_gse19615.csv,gse19615,log_transformed
0.9282868525896414,0.9534274193548388,0.9290322580645162,0.9270833333333334,0.8498561046419364,89,7,11,144,log_transformed,subset8studies_test_gse20194.csv,gse20194,log_transformed
0.8846153846153846,0.9198369565217392,0.9130434782608696,0.84375,0.7606791454854885,54,10,8,84,log_transformed,subset8studies_test_gse20271.csv,gse20271,log_transformed
0.9289340101522844,0.943442054129077,0.931297709923664,0.9242424242424242,0.8437176272122557,61,5,9,122,log_transformed,subset8studies_test_gse23720.csv,gse23720,log_transformed
0.8641304347826086,0.8992218395203471,0.8461538461538461,0.8955223880597015,0.7221783442639015,60,7,18,99,log_transformed,subset8studies_test_gse25065.csv,gse25065,log_transformed
0.837037037037037,0.8649738965353583,0.9186046511627908,0.6938775510204082,0.6404494894042481,34,15,7,79,log_transformed,subset8studies_test_gse45255.csv,gse45255,log_transformed
0.8490566037735849,0.9240362811791384,1.0,0.8148148148148148,0.6697804933558953,176,40,0,49,log_transformed,subset8studies_test_gse76275.csv,gse76275,log_transformed
0.1513157894736842,0.9568765649633684,0.0190114068441064,1.0,0.0510579603956172,41,0,258,5,log_transformed,subset8studies_test_gse96058_nextseq.csv,gse96058_nextseq,log_transformed
0.9565217391304348,0.9885714285714288,0.9571428571428572,0.9555555555555556,0.9092412093166348,43,2,3,67,log_transformed,subset9studies_test_gse19615.csv,gse19615,log_transformed
0.9721115537848606,0.988239247311828,0.9741935483870968,0.96875,0.941111177378704,93,3,4,151,log_transformed,subset9studies_test_gse20194.csv,gse20194,log_transformed
0.8717948717948718,0.9313858695652172,0.8913043478260869,0.84375,0.7350543478260869,54,10,10,82,log_transformed,subset9studies_test_gse20271.csv,gse20271,log_transformed
0.9187817258883249,0.9457552625491557,0.931297709923664,0.8939393939393939,0.8192888611700202,59,7,9,122,log_transformed,subset9studies_test_gse23720.csv,gse23720,log_transformed
0.9726027397260274,0.9898642187798814,0.9759036144578314,0.9682539682539684,0.9441575827117996,122,4,4,162,log_transformed,subset9studies_test_gse25055.csv,gse25055,log_transformed
0.8641304347826086,0.9096823574435514,0.8547008547008547,0.8805970149253731,0.7185797362130393,59,8,17,100,log_transformed,subset9studies_test_gse25065.csv,gse25065,log_transformed
0.8518518518518519,0.8749406739439961,0.9302325581395348,0.7142857142857143,0.6739483972188832,35,14,6,80,log_transformed,subset9studies_test_gse45255.csv,gse45255,log_transformed
0.8264150943396227,0.9457671957671958,1.0,0.7870370370370371,0.6371384614848752,170,46,0,49,log_transformed,subset9studies_test_gse76275.csv,gse76275,log_transformed
0.1480263157894736,0.9386998052490032,0.0152091254752851,1.0,0.0455914518481513,41,0,259,4,log_transformed,subset9studies_test_gse96058_nextseq.csv,gse96058_nextseq,log_transformed
0.9652173913043478,0.9844444444444445,0.9714285714285714,0.9555555555555556,0.926984126984127,43,2,2,68,min_mean,subset10studies_test_gse19615.csv,gse19615,min_mean
0.9641434262948207,0.9960349462365592,0.9806451612903224,0.9375,0.9239379327067992,90,6,3,152,min_mean,subset10studies_test_gse20194.csv,gse20194,min_mean
0.8717948717948718,0.9213654891304348,0.8804347826086957,0.859375,0.7365644397559818,55,9,11,81,min_mean,subset10studies_test_gse20271.csv,gse20271,min_mean
0.9289340101522844,0.9397409206569513,0.9236641221374046,0.9393939393939394,0.8459143150163935,62,4,10,121,min_mean,subset10studies_test_gse23720.csv,gse23720,min_mean
0.9657534246575342,0.9848919487473704,0.9759036144578314,0.9523809523809524,0.9301542254637826,120,6,4,162,min_mean,subset10studies_test_gse25055.csv,gse25055,min_mean
0.8586956521739131,0.902155887230514,0.8461538461538461,0.8805970149253731,0.7088896503832436,59,8,18,99,min_mean,subset10studies_test_gse25065.csv,gse25065,min_mean
0.8518518518518519,0.8673469387755102,0.9302325581395348,0.7142857142857143,0.6739483972188832,35,14,6,80,min_mean,subset10studies_test_gse45255.csv,gse45255,min_mean
0.9252336448598132,0.955830985915493,0.924,0.9295774647887324,0.8029280963243863,66,5,19,231,min_mean,subset10studies_test_gse58644.csv,gse58644,min_mean
0.5283018867924528,0.9203514739229024,1.0,0.4212962962962963,0.3444428995145182,91,125,0,49,min_mean,subset10studies_test_gse76275.csv,gse76275,min_mean
0.9572368421052632,0.9911898358527312,0.9505703422053232,1.0,0.8495465460447911,41,0,13,250,min_mean,subset10studies_test_gse96058_nextseq.csv,gse96058_nextseq,min_mean
0.9652173913043478,0.9844444444444445,0.9714285714285714,0.9555555555555556,0.926984126984127,43,2,2,68,min_mean,subset11studies_test_gse19615.csv,gse19615,min_mean
0.9601593625498008,0.994287634408602,0.9806451612903224,0.9270833333333334,0.915513933649977,89,7,3,152,min_mean,subset11studies_test_gse20194.csv,gse20194,min_mean
0.8717948717948718,0.9200067934782608,0.8804347826086957,0.859375,0.7365644397559818,55,9,11,81,min_mean,subset11studies_test_gse20271.csv,gse20271,min_mean
0.9898477157360406,0.9995373583159844,0.9923664122137404,0.9848484848484848,0.9772148970622252,65,1,1,130,min_mean,subset11studies_test_gse23720.csv,gse23720,min_mean
0.9623287671232876,0.9873302734748518,0.9698795180722892,0.9523809523809524,0.9231657190950284,120,6,5,161,min_mean,subset11studies_test_gse25055.csv,gse25055,min_mean
0.8532608695652174,0.8945018497257302,0.8547008547008547,0.8507462686567164,0.6922812937680397,57,10,17,100,min_mean,subset11studies_test_gse25065.csv,gse25065,min_mean
0.9439775910364144,0.979038146795921,0.9627659574468084,0.9230769230769232,0.8879414073211032,156,13,7,181,min_mean,subset11studies_test_gse31448.csv,gse31448,min_mean
0.8518518518518519,0.8412434741338396,0.9302325581395348,0.7142857142857143,0.6739483972188832,35,14,6,80,min_mean,subset11studies_test_gse45255.csv,gse45255,min_mean
0.9314641744548288,0.9542535211267604,0.928,0.943661971830986,0.819939509361158,67,4,18,232,min_mean,subset11studies_test_gse58644.csv,gse58644,min_mean
0.5924528301886792,0.9346182917611487,1.0,0.5,0.3950328535881702,108,108,0,49,min_mean,subset11studies_test_gse76275.csv,gse76275,min_mean
0.950657894736842,0.9879439859037372,0.9429657794676806,1.0,0.8308944938843975,41,0,15,248,min_mean,subset11studies_test_gse96058_nextseq.csv,gse96058_nextseq,min_mean
0.9739130434782608,0.9707936507936508,1.0,0.9333333333333332,0.9460323297592804,42,3,0,70,min_mean,subset12studies_test_gse19615.csv,gse19615,min_mean
0.9641434262948207,0.994287634408602,0.9806451612903224,0.9375,0.9239379327067992,90,6,3,152,min_mean,subset12studies_test_gse20194.csv,gse20194,min_mean
0.8717948717948718,0.923063858695652,0.8804347826086957,0.859375,0.7365644397559818,55,9,11,81,min_mean,subset12studies_test_gse20271.csv,gse20271,min_mean
0.9695431472081218,0.9989590562109648,0.9541984732824428,1.0,0.935244317727854,66,0,6,125,min_mean,subset12studies_test_gse23720.csv,gse23720,min_mean
0.952054794520548,0.9890992541594952,0.9698795180722892,0.9285714285714286,0.9022550284808262,117,9,5,161,min_mean,subset12studies_test_gse25055.csv,gse25055,min_mean
0.8586956521739131,0.9086618191095802,0.8547008547008547,0.8656716417910447,0.7054131881941659,58,9,17,100,min_mean,subset12studies_test_gse25065.csv,gse25065,min_mean
0.9411764705882352,0.9779050736497544,0.9574468085106383,0.9230769230769232,0.8821912863890641,156,13,8,180,min_mean,subset12studies_test_gse31448.csv,gse31448,min_mean
0.8592592592592593,0.8661604176554343,0.9302325581395348,0.7346938775510204,0.6906447993095638,36,13,6,80,min_mean,subset12studies_test_gse45255.csv,gse45255,min_mean
0.940809968847352,0.9616901408450704,0.94,0.943661971830986,0.8409679943224309,67,4,15,235,min_mean,subset12studies_test_gse58644.csv,gse58644,min_mean
0.6037735849056604,0.9324452003023432,1.0,0.5138888888888888,0.4043638225782581,111,105,0,49,min_mean,subset12studies_test_gse76275.csv,gse76275,min_mean
0.9506172839506172,0.987653854866722,0.9721362229102168,0.8658536585365854,0.8457856024638088,71,11,9,314,min_mean,subset12studies_test_gse81538.csv,gse81538,min_mean
0.9671052631578948,0.9924881758323288,0.9619771863117872,1.0,0.8794055995975881,41,0,10,253,min_mean,subset12studies_test_gse96058_nextseq.csv,gse96058_nextseq,min_mean
0.9565217391304348,0.9746031746031748,0.9571428571428572,0.9555555555555556,0.9092412093166348,43,2,3,67,min_mean,subset13studies_test_gse19615.csv,gse19615,min_mean
0.9601593625498008,0.994287634408602,0.9806451612903224,0.9270833333333334,0.915513933649977,89,7,3,152,min_mean,subset13studies_test_gse20194.csv,gse20194,min_mean
0.8782051282051282,0.9138926630434784,0.8913043478260869,0.859375,0.7489640879033814,55,9,10,82,min_mean,subset13studies_test_gse20271.csv,gse20271,min_mean
0.9847715736040608,0.9991903770529724,0.9847328244274808,0.9848484848484848,0.9660125598884703,65,1,2,129,min_mean,subset13studies_test_gse23720.csv,gse23720,min_mean
0.958904109589041,0.987378083763626,0.9698795180722892,0.9444444444444444,0.9161655030783568,119,7,5,161,min_mean,subset13studies_test_gse25055.csv,gse25055,min_mean
0.8586956521739131,0.9081515499425948,0.8461538461538461,0.8805970149253731,0.7088896503832436,59,8,18,99,min_mean,subset13studies_test_gse25065.csv,gse25065,min_mean
0.927170868347339,0.9763313609467456,0.946808510638298,0.9053254437869822,0.854152626108067,153,16,10,178,min_mean,subset13studies_test_gse31448.csv,gse31448,min_mean
0.8518518518518519,0.8523967726625534,0.9302325581395348,0.7142857142857143,0.6739483972188832,35,14,6,80,min_mean,subset13studies_test_gse45255.csv,gse45255,min_mean
0.9532710280373832,0.9626478873239436,0.956,0.943661971830986,0.8706189263862862,67,4,11,239,min_mean,subset13studies_test_gse58644.csv,gse58644,min_mean
0.9136150234741784,0.884171974522293,0.9528662420382166,0.8035714285714286,0.7731763731706502,225,55,37,748,min_mean,subset13studies_test_gse62944_tumor.csv,gse62944_tumor,min_mean
0.569811320754717,0.9209183673469388,1.0,0.4722222222222222,0.3767709828947362,102,114,0,49,min_mean,subset13studies_test_gse76275.csv,gse76275,min_mean
0.9604938271604938,0.9834252057690857,0.978328173374613,0.8902439024390244,0.8766522993773338,73,9,7,316,min_mean,subset13studies_test_gse81538.csv,gse81538,min_mean
0.9605263157894736,0.9926736529722712,0.9543726235741444,1.0,0.8592370196706212,41,0,12,251,min_mean,subset13studies_test_gse96058_nextseq.csv,gse96058_nextseq,min_mean
0.9652173913043478,0.9825396825396826,0.9714285714285714,0.9555555555555556,0.926984126984127,43,2,2,68,min_mean,subset14studies_test_gse19615.csv,gse19615,min_mean
0.9721115537848606,0.9951612903225806,0.9870967741935484,0.9479166666666666,0.9409126378092298,91,5,2,153,min_mean,subset14studies_test_gse20194.csv,gse20194,min_mean
0.8717948717948718,0.9176290760869564,0.8804347826086957,0.859375,0.7365644397559818,55,9,11,81,min_mean,subset14studies_test_gse20271.csv,gse20271,min_mean
0.964467005076142,0.996992829053898,0.9618320610687024,0.9696969696969696,0.9216679369389426,64,2,5,126,min_mean,subset14studies_test_gse23720.csv,gse23720,min_mean
0.952054794520548,0.9824058137311148,0.963855421686747,0.9365079365079364,0.9021767806929312,118,8,6,160,min_mean,subset14studies_test_gse25055.csv,gse25055,min_mean
0.8641304347826086,0.9063656078581452,0.8547008547008547,0.8805970149253731,0.7185797362130393,59,8,17,100,min_mean,subset14studies_test_gse25065.csv,gse25065,min_mean
0.9439775910364144,0.974474379957195,0.9627659574468084,0.9230769230769232,0.8879414073211032,156,13,7,181,min_mean,subset14studies_test_gse31448.csv,gse31448,min_mean
0.8518518518518519,0.8602278120550546,0.9186046511627908,0.7346938775510204,0.6742652911867638,36,13,7,79,min_mean,subset14studies_test_gse45255.csv,gse45255,min_mean
0.9470404984423676,0.9610704225352112,0.948,0.943661971830986,0.855551011092489,67,4,13,237,min_mean,subset14studies_test_gse58644.csv,gse58644,min_mean
0.911737089201878,0.8850454959053684,0.9477707006369428,0.8107142857142857,0.7694214244197252,227,53,41,744,min_mean,subset14studies_test_gse62944_tumor.csv,gse62944_tumor,min_mean
0.5886792452830188,0.925925925925926,1.0,0.4953703703703703,0.3919534665301332,107,109,0,49,min_mean,subset14studies_test_gse76275.csv,gse76275,min_mean
0.9530864197530864,0.9821792645171036,0.9690402476780186,0.8902439024390244,0.8554172551482492,73,9,10,313,min_mean,subset14studies_test_gse81538.csv,gse81538,min_mean
0.9444257325698888,0.96099941611522,0.967691708836123,0.795,0.76188842749483,318,82,83,2486,min_mean,subset14studies_test_gse96058_hiseq.csv,gse96058_hiseq,min_mean
0.9703947368421052,0.9883149401836224,0.9657794676806084,1.0,0.8899096378274026,41,0,9,254,min_mean,subset14studies_test_gse96058_nextseq.csv,gse96058_nextseq,min_mean
0.9565217391304348,0.9784126984126984,1.0,0.8888888888888888,0.9108400680852976,40,5,0,70,min_mean,subset2studies_test_gse19615.csv,gse19615,min_mean
0.8296296296296296,0.8445657332700522,0.9186046511627908,0.673469387755102,0.6234928622180687,33,16,7,79,min_mean,subset2studies_test_gse45255.csv,gse45255,min_mean
0.9652173913043478,0.98,0.9857142857142858,0.9333333333333332,0.9270279218076446,42,3,1,69,min_mean,subset3studies_test_gse19615.csv,gse19615,min_mean
0.8333333333333334,0.8627717391304348,0.8804347826086957,0.765625,0.6531987814577015,49,15,11,81,min_mean,subset3studies_test_gse20271.csv,gse20271,min_mean
0.8518518518518519,0.8607024205030849,0.9534883720930232,0.673469387755102,0.6758831940356247,33,16,4,82,min_mean,subset3studies_test_gse45255.csv,gse45255,min_mean
0.9391304347826088,0.9796825396825396,0.9571428571428572,0.9111111111111112,0.8718595744347158,41,4,3,67,min_mean,subset4studies_test_gse19615.csv,gse19615,min_mean
0.8589743589743589,0.8879076086956522,0.8804347826086957,0.828125,0.7085597826086957,53,11,11,81,min_mean,subset4studies_test_gse20271.csv,gse20271,min_mean
0.8641304347826086,0.8947569843092231,0.8547008547008547,0.8805970149253731,0.7185797362130393,59,8,17,100,min_mean,subset4studies_test_gse25065.csv,gse25065,min_mean
0.8296296296296296,0.8723303274798291,0.8953488372093024,0.7142857142857143,0.6254171760142351,35,14,9,77,min_mean,subset4studies_test_gse45255.csv,gse45255,min_mean
0.9391304347826088,0.9723809523809523,0.9857142857142858,0.8666666666666667,0.8734305652889371,39,6,1,69,min_mean,subset5studies_test_gse19615.csv,gse19615,min_mean
0.8589743589743589,0.8984375,0.8804347826086957,0.828125,0.7085597826086957,53,11,11,81,min_mean,subset5studies_test_gse20271.csv,gse20271,min_mean
0.9187817258883249,0.9301411057136248,0.9236641221374046,0.9090909090909092,0.8212473862279629,60,6,10,121,min_mean,subset5studies_test_gse23720.csv,gse23720,min_mean
0.8641304347826086,0.8948845516009695,0.8632478632478633,0.8656716417910447,0.7153156080633958,58,9,16,101,min_mean,subset5studies_test_gse25065.csv,gse25065,min_mean
0.8444444444444444,0.8713811105837683,0.9302325581395348,0.6938775510204082,0.6572289489513108,34,15,6,80,min_mean,subset5studies_test_gse45255.csv,gse45255,min_mean
0.9652173913043478,0.9907936507936508,0.9857142857142858,0.9333333333333332,0.9270279218076446,42,3,1,69,min_mean,subset6studies_test_gse19615.csv,gse19615,min_mean
0.9322709163346612,0.9500672043010752,0.9612903225806452,0.8854166666666666,0.8559608923780878,85,11,6,149,min_mean,subset6studies_test_gse20194.csv,gse20194,min_mean
0.8782051282051282,0.9184782608695652,0.8913043478260869,0.859375,0.7489640879033814,55,9,10,82,min_mean,subset6studies_test_gse20271.csv,gse20271,min_mean
0.9187817258883249,0.9241267638214204,0.9236641221374046,0.9090909090909092,0.8212473862279629,60,6,10,121,min_mean,subset6studies_test_gse23720.csv,gse23720,min_mean
0.8641304347826086,0.8853170047199899,0.8632478632478633,0.8656716417910447,0.7153156080633958,58,9,16,101,min_mean,subset6studies_test_gse25065.csv,gse25065,min_mean
0.8518518518518519,0.8654485049833888,0.9418604651162792,0.6938775510204082,0.6744620650945848,34,15,5,81,min_mean,subset6studies_test_gse45255.csv,gse45255,min_mean
0.9652173913043478,0.9631746031746032,0.9714285714285714,0.9555555555555556,0.926984126984127,43,2,2,68,min_mean,subset7studies_test_gse19615.csv,gse19615,min_mean
0.9123505976095616,0.9574596774193548,0.9290322580645162,0.8854166666666666,0.8144489247311828,85,11,11,144,min_mean,subset7studies_test_gse20194.csv,gse20194,min_mean
0.8397435897435898,0.9155910326086956,0.8586956521739131,0.8125,0.6696620080077293,52,12,13,79,min_mean,subset7studies_test_gse20271.csv,gse20271,min_mean
0.8781725888324873,0.934651862132778,0.8473282442748091,0.9393939393939394,0.7533090165201843,62,4,20,111,min_mean,subset7studies_test_gse23720.csv,gse23720,min_mean
0.8586956521739131,0.9056002041076668,0.8376068376068376,0.8955223880597015,0.7126932896584922,60,7,19,98,min_mean,subset7studies_test_gse25065.csv,gse25065,min_mean
0.837037037037037,0.8630754627432369,0.8953488372093024,0.7346938775510204,0.642672546401691,36,13,9,77,min_mean,subset7studies_test_gse45255.csv,gse45255,min_mean
0.5471698113207547,0.9401927437641724,1.0,0.4444444444444444,0.358974358974359,96,120,0,49,min_mean,subset7studies_test_gse76275.csv,gse76275,min_mean
0.9739130434782608,0.9873015873015872,0.9857142857142858,0.9555555555555556,0.9451786611330648,43,2,1,69,min_mean,subset8studies_test_gse19615.csv,gse19615,min_mean
0.9123505976095616,0.9584677419354838,0.935483870967742,0.875,0.813826990688565,84,12,10,145,min_mean,subset8studies_test_gse20194.csv,gse20194,min_mean
0.8653846153846154,0.9047214673913044,0.8804347826086957,0.84375,0.7225300612714974,54,10,11,81,min_mean,subset8studies_test_gse20271.csv,gse20271,min_mean
0.9086294416243654,0.9441360166551006,0.8931297709923665,0.9393939393939394,0.8072438507379429,62,4,14,117,min_mean,subset8studies_test_gse23720.csv,gse23720,min_mean
0.8641304347826086,0.8970531955606582,0.8547008547008547,0.8805970149253731,0.7185797362130393,59,8,17,100,min_mean,subset8studies_test_gse25065.csv,gse25065,min_mean
0.8444444444444444,0.8564309444708116,0.9186046511627908,0.7142857142857143,0.6573696216126362,35,14,7,79,min_mean,subset8studies_test_gse45255.csv,gse45255,min_mean
0.5471698113207547,0.9348072562358276,1.0,0.4444444444444444,0.358974358974359,96,120,0,49,min_mean,subset8studies_test_gse76275.csv,gse76275,min_mean
0.9276315789473684,0.9861819530742836,0.9163498098859316,1.0,0.7722400133247003,41,0,22,241,min_mean,subset8studies_test_gse96058_nextseq.csv,gse96058_nextseq,min_mean
0.9739130434782608,0.9771428571428572,0.9857142857142858,0.9555555555555556,0.9451786611330648,43,2,1,69,min_mean,subset9studies_test_gse19615.csv,gse19615,min_mean
0.9681274900398408,0.9956989247311828,0.9741935483870968,0.9583333333333334,0.93252688172043,92,4,4,151,min_mean,subset9studies_test_gse20194.csv,gse20194,min_mean
0.8782051282051282,0.9150815217391304,0.8913043478260869,0.859375,0.7489640879033814,55,9,10,82,min_mean,subset9studies_test_gse20271.csv,gse20271,min_mean
0.9137055837563453,0.9359241267638214,0.900763358778626,0.9393939393939394,0.8166908180164002,62,4,13,118,min_mean,subset9studies_test_gse23720.csv,gse23720,min_mean
0.9726027397260274,0.9873302734748518,0.9759036144578314,0.9682539682539684,0.9441575827117996,122,4,4,162,min_mean,subset9studies_test_gse25055.csv,gse25055,min_mean
0.8641304347826086,0.8877407832631713,0.8547008547008547,0.8805970149253731,0.7185797362130393,59,8,17,100,min_mean,subset9studies_test_gse25065.csv,gse25065,min_mean
0.8444444444444444,0.8742287612719506,0.9069767441860463,0.7346938775510204,0.6582826173384553,36,13,8,78,min_mean,subset9studies_test_gse45255.csv,gse45255,min_mean
0.5773584905660377,0.9062736205593348,1.0,0.4814814814814814,0.382802615181788,104,112,0,49,min_mean,subset9studies_test_gse76275.csv,gse76275,min_mean
0.9210526315789472,0.987851247333766,0.908745247148289,1.0,0.757105369488898,41,0,24,239,min_mean,subset9studies_test_gse96058_nextseq.csv,gse96058_nextseq,min_mean
0.5391304347826087,0.4796825396825397,0.6428571428571429,0.3777777777777777,0.020915680759984,17,28,25,45,mnn,subset10studies_test_gse19615.csv,gse19615,mnn
0.5976095617529881,0.4776881720430108,0.8516129032258064,0.1875,0.0514185639608224,18,78,23,132,mnn,subset10studies_test_gse20194.csv,gse20194,mnn
0.5897435897435898,0.5679347826086957,0.9456521739130436,0.078125,0.0477493767285299,5,59,5,87,mnn,subset10studies_test_gse20271.csv,gse20271,mnn
0.467005076142132,0.3289382373351838,0.5801526717557252,0.2424242424242424,-0.1744228173418582,16,50,55,76,mnn,subset10studies_test_gse23720.csv,gse23720,mnn
0.5,0.3941002103652706,0.8253012048192772,0.0714285714285714,-0.1520217676222156,9,117,29,137,mnn,subset10studies_test_gse25055.csv,gse25055,mnn
0.6141304347826086,0.5095037632351065,0.8632478632478633,0.1791044776119403,0.0567370088998748,12,55,16,101,mnn,subset10studies_test_gse25065.csv,gse25065,mnn
0.6148148148148148,0.4221642145230185,0.9302325581395348,0.0612244897959183,-0.0164682976486924,3,46,6,80,mnn,subset10studies_test_gse45255.csv,gse45255,mnn
0.4174454828660436,0.4718309859154929,0.34,0.6901408450704225,0.0265372446217137,49,22,165,85,mnn,subset10studies_test_gse58644.csv,gse58644,mnn
0.2037735849056604,0.5428004535147393,1.0,0.0231481481481481,0.0660494936584347,5,211,0,49,mnn,subset10studies_test_gse76275.csv,gse76275,mnn
0.9407894736842104,0.9893350644533062,0.9315589353612168,1.0,0.8045834415419928,41,0,18,245,mnn,subset10studies_test_gse96058_nextseq.csv,gse96058_nextseq,mnn
0.5391304347826087,0.4431746031746031,0.6714285714285714,0.3333333333333333,0.0049408175990433,15,30,23,47,mnn,subset11studies_test_gse19615.csv,gse19615,mnn
0.6095617529880478,0.5615591397849462,0.7483870967741936,0.3854166666666667,0.1415285228593987,37,59,39,116,mnn,subset11studies_test_gse20194.csv,gse20194,mnn
0.4935897435897436,0.4972826086956521,0.5652173913043478,0.390625,-0.04405671105314,25,39,40,52,mnn,subset11studies_test_gse20271.csv,gse20271,mnn
0.4771573604060913,0.3305574832292389,0.6030534351145038,0.2272727272727272,-0.1690493171127742,15,51,52,79,mnn,subset11studies_test_gse23720.csv,gse23720,mnn
0.541095890410959,0.4779594568751195,0.7590361445783133,0.2539682539682539,0.0149434886766759,32,94,40,126,mnn,subset11studies_test_gse25055.csv,gse25055,mnn
0.5652173913043478,0.5223880597014925,0.6581196581196581,0.4029850746268656,0.0611047327465237,27,40,40,77,mnn,subset11studies_test_gse25065.csv,gse25065,mnn
0.5210084033613446,0.4317323429434722,0.8617021276595744,0.1420118343195266,0.0053432505663302,24,145,26,162,mnn,subset11studies_test_gse31448.csv,gse31448,mnn
0.5851851851851851,0.4328429046037019,0.8953488372093024,0.0408163265306122,-0.1122012845976763,2,47,9,77,mnn,subset11studies_test_gse45255.csv,gse45255,mnn
0.4143302180685358,0.468281690140845,0.324,0.7323943661971831,0.0505404101404661,52,19,169,81,mnn,subset11studies_test_gse58644.csv,gse58644,mnn
0.2339622641509434,0.5582955404383976,1.0,0.0601851851851851,0.1081789022735918,13,203,0,49,mnn,subset11studies_test_gse76275.csv,gse76275,mnn
0.9342105263157896,0.9807103774459798,0.9239543726235742,1.0,0.7880472782435026,41,0,20,243,mnn,subset11studies_test_gse96058_nextseq.csv,gse96058_nextseq,mnn
0.5130434782608696,0.4701587301587301,0.5857142857142857,0.4,-0.014182534593726,18,27,29,41,mnn,subset12studies_test_gse19615.csv,gse19615,mnn
0.5896414342629482,0.5821236559139785,0.7290322580645161,0.3645833333333333,0.0986573995765546,35,61,42,113,mnn,subset12studies_test_gse20194.csv,gse20194,mnn
0.4935897435897436,0.471976902173913,0.5760869565217391,0.375,-0.0490339452830591,24,40,39,53,mnn,subset12studies_test_gse20271.csv,gse20271,mnn
0.4771573604060913,0.3354152209114041,0.5877862595419847,0.2575757575757575,-0.1520230161577995,17,49,54,77,mnn,subset12studies_test_gse23720.csv,gse23720,mnn
0.5513698630136986,0.4723656530885446,0.7831325301204819,0.246031746031746,0.0343527776199573,31,95,36,130,mnn,subset12studies_test_gse25055.csv,gse25055,mnn
0.5652173913043478,0.5343793851256539,0.6666666666666666,0.3880597014925373,0.055093048094343,26,41,39,78,mnn,subset12studies_test_gse25065.csv,gse25065,mnn
0.4901960784313725,0.4539216920558983,0.8297872340425532,0.1124260355029585,-0.0824526462704418,19,150,32,156,mnn,subset12studies_test_gse31448.csv,gse31448,mnn
0.6296296296296297,0.4067394399620313,0.9418604651162792,0.0816326530612244,0.0452878185339041,4,45,5,81,mnn,subset12studies_test_gse45255.csv,gse45255,mnn
0.4267912772585669,0.5508732394366196,0.336,0.7464788732394366,0.0735224134404951,53,18,166,84,mnn,subset12studies_test_gse58644.csv,gse58644,mnn
0.2037735849056604,0.5605631141345426,1.0,0.0231481481481481,0.0660494936584347,5,211,0,49,mnn,subset12studies_test_gse76275.csv,gse76275,mnn
0.7851851851851852,0.4878803896398097,0.9845201238390092,0.0,-0.0563327135242311,0,82,5,318,mnn,subset12studies_test_gse81538.csv,gse81538,mnn
0.9638157894736842,0.9921172215524436,0.9581749049429658,1.0,0.8691858602546231,41,0,11,252,mnn,subset12studies_test_gse96058_nextseq.csv,gse96058_nextseq,mnn
0.5391304347826087,0.4755555555555555,0.6857142857142857,0.3111111111111111,-0.0033410265518014,14,31,22,48,mnn,subset13studies_test_gse19615.csv,gse19615,mnn
0.5976095617529881,0.566733870967742,0.7419354838709677,0.3645833333333333,0.1130943308565026,35,61,40,115,mnn,subset13studies_test_gse20194.csv,gse20194,mnn
0.4807692307692308,0.4852241847826086,0.5652173913043478,0.359375,-0.0755939989780495,23,41,40,52,mnn,subset13studies_test_gse20271.csv,gse20271,mnn
0.4467005076142132,0.3226925746009715,0.5572519083969466,0.2272727272727272,-0.2105876831861237,15,51,58,73,mnn,subset13studies_test_gse23720.csv,gse23720,mnn
0.541095890410959,0.4991394148020653,0.7831325301204819,0.2222222222222222,0.006410933848188,28,98,36,130,mnn,subset13studies_test_gse25055.csv,gse25055,mnn
0.5706521739130435,0.5185610409491007,0.6581196581196581,0.417910447761194,0.0757935897258663,28,39,40,77,mnn,subset13studies_test_gse25065.csv,gse25065,mnn
0.5014005602240896,0.4200868689412061,0.8563829787234043,0.1065088757396449,-0.0558223318591463,18,151,27,161,mnn,subset13studies_test_gse31448.csv,gse31448,mnn
0.6444444444444445,0.453251067869008,0.9418604651162792,0.1224489795918367,0.1130354948920828,6,43,5,81,mnn,subset13studies_test_gse45255.csv,gse45255,mnn
0.7757009345794392,0.5131830985915493,0.996,0.0,-0.0297909382195324,0,71,1,249,mnn,subset13studies_test_gse58644.csv,gse58644,mnn
0.6,0.4808234758871701,0.7222929936305732,0.2571428571428571,-0.0203364311423827,72,208,218,567,mnn,subset13studies_test_gse62944_tumor.csv,gse62944_tumor,mnn
0.2188679245283019,0.5187074829931972,0.9591836734693876,0.0509259259259259,0.0181713383724871,11,205,2,47,mnn,subset13studies_test_gse76275.csv,gse76275,mnn
0.7679012345679013,0.4844823680434946,0.9628482972136224,0.0,-0.0880440502240491,0,82,12,311,mnn,subset13studies_test_gse81538.csv,gse81538,mnn
0.9703947368421052,0.9912825744227024,0.9657794676806084,1.0,0.8899096378274026,41,0,9,254,mnn,subset13studies_test_gse96058_nextseq.csv,gse96058_nextseq,mnn
0.4782608695652174,0.4323809523809524,0.6428571428571429,0.2222222222222222,-0.1431049438115632,10,35,25,45,mnn,subset14studies_test_gse19615.csv,gse19615,mnn
0.6095617529880478,0.5475806451612903,0.7548387096774194,0.375,0.1383895073925685,36,60,38,117,mnn,subset14studies_test_gse20194.csv,gse20194,mnn
0.4935897435897436,0.4811480978260869,0.5978260869565217,0.34375,-0.0592601394271636,22,42,37,55,mnn,subset14studies_test_gse20271.csv,gse20271,mnn
0.4568527918781725,0.3467499421697895,0.5725190839694656,0.2272727272727272,-0.1968226185259169,15,51,56,75,mnn,subset14studies_test_gse23720.csv,gse23720,mnn
0.5342465753424658,0.4709313444253203,0.7590361445783133,0.238095238095238,-0.0033280238240073,30,96,40,126,mnn,subset14studies_test_gse25055.csv,gse25055,mnn
0.5739130434782609,0.5212698412698413,0.7857142857142857,0.2444444444444444,0.0351873573113214,11,34,15,55,mnn,subset2studies_test_gse19615.csv,gse19615,mnn
0.8074074074074075,0.8345989558614144,0.9767441860465116,0.5102040816326531,0.5853779116758085,25,24,2,84,mnn,subset2studies_test_gse45255.csv,gse45255,mnn
0.4782608695652174,0.4380952380952381,0.6285714285714286,0.2444444444444444,-0.1326650579467615,11,34,26,44,mnn,subset3studies_test_gse19615.csv,gse19615,mnn
0.6089743589743589,0.5599524456521738,0.9347826086956522,0.140625,0.1258183204812902,9,55,6,86,mnn,subset3studies_test_gse20271.csv,gse20271,mnn
0.8,0.8376839107736118,0.9651162790697676,0.5102040816326531,0.5637191379735772,25,24,3,83,mnn,subset3studies_test_gse45255.csv,gse45255,mnn
0.5043478260869565,0.4650793650793651,0.7142857142857143,0.1777777777777777,-0.1227396832461081,8,37,20,50,mnn,subset4studies_test_gse19615.csv,gse19615,mnn
0.5961538461538461,0.5509510869565217,0.8478260869565217,0.234375,0.1039347083093705,15,49,14,78,mnn,subset4studies_test_gse20271.csv,gse20271,mnn
0.592391304347826,0.5300420972062764,0.7350427350427351,0.3432835820895522,0.0827693382256791,23,44,31,86,mnn,subset4studies_test_gse25065.csv,gse25065,mnn
0.8296296296296296,0.8803986710963455,0.9651162790697676,0.5918367346938775,0.6297558673474332,29,20,3,83,mnn,subset4studies_test_gse45255.csv,gse45255,mnn
0.4608695652173913,0.4622222222222222,0.5857142857142857,0.2666666666666666,-0.1504145635143879,12,33,29,41,mnn,subset5studies_test_gse19615.csv,gse19615,mnn
0.6217948717948718,0.5665760869565217,0.8369565217391305,0.3125,0.1762268442125603,20,44,15,77,mnn,subset5studies_test_gse20271.csv,gse20271,mnn
0.5228426395939086,0.4945639602128152,0.5877862595419847,0.3939393939393939,-0.0175635194899588,26,40,54,77,mnn,subset5studies_test_gse23720.csv,gse23720,mnn
0.592391304347826,0.533486414083429,0.7435897435897436,0.3283582089552239,0.0768882779722243,22,45,30,87,mnn,subset5studies_test_gse25065.csv,gse25065,mnn
0.8074074074074075,0.8644992880873279,0.9418604651162792,0.5714285714285714,0.5743176958956845,28,21,5,81,mnn,subset5studies_test_gse45255.csv,gse45255,mnn
0.4521739130434782,0.3917460317460318,0.6,0.2222222222222222,-0.1844571903642865,10,35,28,42,mnn,subset6studies_test_gse19615.csv,gse19615,mnn
0.5816733067729084,0.4670698924731182,0.8193548387096774,0.1979166666666666,0.021516302678366,19,77,28,127,mnn,subset6studies_test_gse20194.csv,gse20194,mnn
0.6282051282051282,0.5178328804347826,0.8369565217391305,0.328125,0.1927260812430542,21,43,15,77,mnn,subset6studies_test_gse20271.csv,gse20271,mnn
0.5380710659898477,0.5047420772611613,0.6183206106870229,0.3787878787878788,-0.0028107475840322,25,41,50,81,mnn,subset6studies_test_gse23720.csv,gse23720,mnn
0.5652173913043478,0.5500701620104606,0.7094017094017094,0.3134328358208955,0.0240019484610938,21,46,34,83,mnn,subset6studies_test_gse25065.csv,gse25065,mnn
0.8444444444444444,0.8336497389653535,0.9651162790697676,0.6326530612244898,0.6621871615966813,31,18,3,83,mnn,subset6studies_test_gse45255.csv,gse45255,mnn
0.4869565217391304,0.4057142857142857,0.6571428571428571,0.2222222222222222,-0.1290168255076741,10,35,24,46,mnn,subset7studies_test_gse19615.csv,gse19615,mnn
0.5418326693227091,0.505510752688172,0.6838709677419355,0.3125,-0.0037976464010982,30,66,49,106,mnn,subset7studies_test_gse20194.csv,gse20194,mnn
0.5833333333333334,0.5788043478260869,0.8152173913043478,0.25,0.0785484822907623,16,48,17,75,mnn,subset7studies_test_gse20271.csv,gse20271,mnn
0.5634517766497462,0.5159611380985427,0.648854961832061,0.3939393939393939,0.0419442906132492,26,40,46,85,mnn,subset7studies_test_gse23720.csv,gse23720,mnn
0.5163043478260869,0.5296593953310371,0.5726495726495726,0.417910447761194,-0.0091918124312914,28,39,50,67,mnn,subset7studies_test_gse25065.csv,gse25065,mnn
0.3555555555555555,0.4368770764119601,0.0,0.979591836734694,-0.114445517273515,48,1,86,0,mnn,subset7studies_test_gse45255.csv,gse45255,mnn
0.8037735849056604,0.9303665910808768,1.0,0.7592592592592593,0.6069213309951038,164,52,0,49,mnn,subset7studies_test_gse76275.csv,gse76275,mnn
0.4608695652173913,0.4574603174603174,0.5571428571428572,0.3111111111111111,-0.1317460317460317,14,31,31,39,mnn,subset8studies_test_gse19615.csv,gse19615,mnn
0.601593625498008,0.5035618279569893,0.896774193548387,0.125,0.0336133732025233,12,84,16,139,mnn,subset8studies_test_gse20194.csv,gse20194,mnn
0.6089743589743589,0.5895040760869565,0.8369565217391305,0.28125,0.1423691241520067,18,46,15,77,mnn,subset8studies_test_gse20271.csv,gse20271,mnn
0.5380710659898477,0.4713162155910248,0.6335877862595419,0.3484848484848485,-0.0176242090534472,23,43,48,83,mnn,subset8studies_test_gse23720.csv,gse23720,mnn
0.5108695652173914,0.5058043117744611,0.5897435897435898,0.373134328358209,-0.0365123459217757,25,42,48,69,mnn,subset8studies_test_gse25065.csv,gse25065,mnn
0.3703703703703703,0.4328429046037019,0.0348837209302325,0.9591836734693876,-0.015105533372779,47,2,83,3,mnn,subset8studies_test_gse45255.csv,gse45255,mnn
0.2188679245283019,0.5301398337112623,1.0,0.0416666666666666,0.08930431353897,9,207,0,49,mnn,subset8studies_test_gse76275.csv,gse76275,mnn
0.9342105263157896,0.9928591301122136,0.9239543726235742,1.0,0.7880472782435026,41,0,20,243,mnn,subset8studies_test_gse96058_nextseq.csv,gse96058_nextseq,mnn
0.5043478260869565,0.4714285714285714,0.5857142857142857,0.3777777777777777,-0.0363696483726653,17,28,29,41,mnn,subset9studies_test_gse19615.csv,gse19615,mnn
0.5936254980079682,0.498252688172043,0.8193548387096774,0.2291666666666666,0.0590408635634713,22,74,28,127,mnn,subset9studies_test_gse20194.csv,gse20194,mnn
0.6153846153846154,0.6019021739130435,0.8913043478260869,0.21875,0.1500370507601056,14,50,10,82,mnn,subset9studies_test_gse20271.csv,gse20271,mnn
0.482233502538071,0.3444367337497108,0.5954198473282443,0.2575757575757575,-0.1449729760966306,17,49,53,78,mnn,subset9studies_test_gse23720.csv,gse23720,mnn
0.4897260273972603,0.3990246701090074,0.8072289156626506,0.0714285714285714,-0.17299100115234,9,117,32,134,mnn,subset9studies_test_gse25055.csv,gse25055,mnn
0.5163043478260869,0.4918994769741038,0.5897435897435898,0.3880597014925373,-0.0217824493879998,26,41,48,69,mnn,subset9studies_test_gse25065.csv,gse25065,mnn
0.362962962962963,0.4451827242524916,0.0,1.0,0.0,49,0,86,0,mnn,subset9studies_test_gse45255.csv,gse45255,mnn
0.2150943396226415,0.5441232048374905,1.0,0.037037037037037,0.0840329473743223,8,208,0,49,mnn,subset9studies_test_gse76275.csv,gse76275,mnn
0.930921052631579,0.9905406658629324,0.9201520912547528,1.0,0.7800561987761592,41,0,21,242,mnn,subset9studies_test_gse96058_nextseq.csv,gse96058_nextseq,mnn
